{"cameraMode":{"drawMode":0,"name":"Shaded","section":"Shading Mode"},"sceneLighting":true,"audioPlay":false,"sceneViewState":{"m_AlwaysRefresh":false,"showFog":true,"showSkybox":true,"showFlares":true,"showImageEffects":true,"showParticleSystems":true,"showVisualEffectGraphs":true,"m_FxEnabled":true},"in2DMode":false,"pivot":{"x":-16.419553756713868,"y":12.298360824584961,"z":19.09569549560547},"rotation":{"x":0.3883983790874481,"y":-0.5739191174507141,"z":0.35535529255867007,"w":0.6272854804992676},"size":18.865610122680665,"orthographic":false}